UniprotID	Gene_symbol
P06241	FYN
P00519	ABL1
Q9NSY1	BMP2K
P12931	SRC
O75116	ROCK2
Q14289	PTK2B
P07947	YES1
P28482	MAPK1
O95819	MAP4K4
P27361	MAPK3
Q16539	MAPK14
Q8N4C8	MINK1
Q05397	PTK2
P07948	LYN
P06239	LCK
O60674	JAK2
Q9UKE5	TNIK
Q13464	ROCK1
P45984	MAPK9
Q13043	STK4
Q07912	TNK2
Q13164	MAPK7
Q13188	STK3
P45983	MAPK8
P23458	JAK1
P08631	HCK
Q00526	CDK3
O96013	PAK4
P50750	CDK9
Q15759	MAPK11
P09769	FGR
Q00535	CDK5
Q15131	CDK10
P49759	CLK1
P24941	CDK2
P06493	CDK1
P41240	CSK
Q2M2I8	AAK1
P50613	CDK7
P36888	FLT3
P49840	GSK3A
P49760	CLK2
Q9HAZ1	CLK4
P49841	GSK3B
P29597	TYK2
Q06187	BTK
O14965	AURKA
P53779	MAPK10
P42685	FRK
Q96S53	TESK2
O43353	RIPK2
P49761	CLK3
Q16513	PKN2
O95835	LATS1
Q16512	PKN1
Q9Y4K4	MAP4K5
O75716	STK16
Q00534	CDK6
P36507	MAP2K2
P52333	JAK3
Q9UHD2	TBK1
Q8IVH8	MAP4K3
Q00536	CDK16
P07332	FES
P42684	ABL2
P51617	IRAK1
Q13882	PTK6
Q96GD4	AURKB
Q13627	DYRK1A
P09619	PDGFRB
P53778	MAPK12
Q05655	PRKCD
Q13163	MAP2K5
Q07002	CDK18
Q9Y572	RIPK3
P53667	LIMK1
P43405	SYK
Q9NQU5	PAK6
Q04759	PRKCQ
Q7L7X3	TAOK1
P08581	MET
Q8TD19	NEK9
P53350	PLK1
O15264	MAPK13
Q9Y616	IRAK3
P07333	CSF1R
Q8TD08	MAPK15
P11802	CDK4
Q9NWZ3	IRAK4
P41743	PRKCI
O00444	PLK4
Q6P5Z2	PKN3
Q9Y6E0	STK24
P45985	MAP2K4
P49674	CSNK1E
O00506	STK25
Q14164	IKBKE
Q12851	MAP4K2
P16591	FER
Q13153	PAK1
Q9Y243	AKT3
Q7RTN6	STRADA
Q9Y463	DYRK1B
P51451	BLK
O14976	GAK
O14578	CIT
Q92918	MAP4K1
O94804	STK10
Q02750	MAP2K1
P48730	CSNK1D
Q00537	CDK17
P16234	PDGFRA
Q9P289	STK26
Q5VT25	CDC42BPA
P42345	MTOR
P10721	KIT
Q9Y5S2	CDC42BPB
P46734	MAP2K3
Q05513	PRKCZ
Q13470	TNK1
P00533	EGFR
P48729	CSNK1A1
Q9H4A3	WNK1
Q9UBE8	NLK
Q13546	RIPK1
P43403	ZAP70
P53671	LIMK2
Q6DT37	CDC42BPG
Q96Q04	LMTK3
Q9H2K8	TAOK3
P33981	TTK
P15056	BRAF
O76039	CDKL5
Q9Y3S1	WNK2
Q9H2G2	SLK
P11712	CYP2C9
Q08345	DDR1
P31751	AKT2
O14920	IKBKB
Q15569	TESK1
O75582	RPS6KA5
Q02156	PRKCE
Q13177	PAK2
P51813	BMX
P07949	RET
P05771	PRKCB
Q9UQB9	AURKC
Q8TF76	HASPIN
P52564	MAP2K6
P33261	CYP2C19
P10398	ARAF
Q96KB5	PBK
Q8NI60	COQ8A
P17252	PRKCA
Q9UPZ9	CILK1
P51812	RPS6KA3
P51955	NEK2
O15111	CHUK
O14757	CHEK1
P42680	TEC
Q6IQ55	TTBK2
Q08499	PDE4D
Q9UL54	TAOK2
Q15418	RPS6KA1
P42681	TXK
O75385	ULK1
Q15349	RPS6KA2
P11362	FGFR1
Q9NYV4	CDK12
Q96L34	MARK4
P49336	CDK8
Q9BWU1	CDK19
O94921	CDK14
P36897	TGFBR1
P21802	FGFR2
P35968	KDR
P05129	PRKCG
O14733	MAP2K7
Q9UK32	RPS6KA6
P37173	TGFBR2
Q16584	MAP3K11
P30291	WEE1
P29320	EPHA3
P10635	CYP2D6
Q08881	ITK
Q86SG6	NEK8
Q13131	PRKAA1
Q7KZI7	MARK2
P25098	GRK2
O00238	BMPR1B
P41279	MAP3K8
Q9H4B4	PLK3
P29317	EPHA2
Q13233	MAP3K1
P05177	CYP1A2
P49137	MAPKAPK2
P29323	EPHB2
Q16832	DDR2
P04049	RAF1
P22455	FGFR4
P20794	MAK
P54764	EPHA4
Q8NER5	ACVR1C
Q16288	NTRK3
Q8N5S9	CAMKK1
P54762	EPHB1
P23443	RPS6KB1
Q13873	BMPR2
Q15746	MYLK
P54646	PRKAA2
O75914	PAK3
Q15078	CDK5R1
Q9BZL6	PRKD2
P27448	MARK3
O00443	PIK3C2A
Q04771	ACVR1
P22607	FGFR3
Q9NYL2	MAP3K20
O43683	BUB1
Q9HCP0	CSNK1G1
P10636	MAPT
P19784	CSNK2A2
P54753	EPHB3
P54619	PRKAG1
P08684	CYP3A4
Q96PY6	NEK1
Q13418	ILK
P78368	CSNK1G2
Q96Q40	CDK15
Q9BYP7	WNK3
P54760	EPHB4
Q15375	EPHA7
Q9Y6M4	CSNK1G3
P17948	FLT1
Q8N752	CSNK1A1L
Q8IW41	MAPKAPK5
Q9Y2U5	MAP3K2
Q9H0K1	SIK2
P31749	AKT1
P36894	BMPR1A
O15530	PDPK1
Q32MK0	MYLK3
Q16644	MAPKAPK3
P28223	HTR2A
P29322	EPHA8
Q76MJ5	ERN2
Q13554	CAMK2B
P36896	ACVR1B
P06213	INSR
Q8IVT5	KSR1
P31152	MAPK4
Q9H3Y6	SRMS
O15197	EPHB6
P51589	CYP2J2
P42679	MATK
Q14004	CDK13
Q5TCX8	MAP3K21
P37023	ACVRL1
P33260	CYP2C18
P05181	CYP2E1
Q14680	MELK
P51817	PRKX
Q9UQM7	CAMK2A
Q3MIX3	ADCK5
Q8NB16	MLKL
P04626	ERBB2
Q99759	MAP3K3
C0HM02	PRKCH
O94806	PRKD3
P10632	CYP2C8
Q8TBX8	PIP4K2C
O43318	MAP3K7
Q8TDC3	BRSK1
P06400	RB1
Q01959	SLC6A3
Q04912	MST1R
P54756	EPHA5
Q9HBY8	SGK2
Q15139	PRKD1
Q99640	PKMYT1
P15735	PHKG2
P08069	IGF1R
O60885	BRD4
Q9UBS0	RPS6KB2
P04792	HSPB1
P27037	ACVR2A
O00311	CDC7
O15146	MUSK
P0DMS8	ADORA3
Q9P0L2	MARK1
Q13705	ACVR2B
Q12809	KCNH2
Q59H18	TNNI3K
O75676	RPS6KA4
Q99683	MAP3K5
P31645	SLC6A4
P23975	SLC6A2
Q12866	MERTK
P16083	NQO2
Q9UHD8	SEPTIN9
P22830	FECH
Q9NYY3	PLK2
P35626	GRK3
P51946	CCNH
Q15831	STK11
Q9NZJ5	EIF2AK3
Q15303	ERBB4
Q9NRM7	LATS2
Q13557	CAMK2D
Q9P2K8	EIF2AK4
Q96D53	COQ8B
Q8NEB9	PIK3C3
O43283	MAP3K13
Q8TDX7	NEK7
Q9UKI8	TLK1
Q16659	MAPK6
P19525	EIF2AK2
P21709	EPHA1
Q9UF33	EPHA6
P35354	PTGS2
Q12852	MAP3K12
Q6PHR2	ULK3
Q16566	CAMK4
P20248	CCNA2
Q9BQI3	EIF2AK1
O00141	SGK1
Q9Y2K2	SIK3
Q00532	CDKL1
Q86UE8	TLK2
P48426	PIP4K2A
O00329	PIK3CD
O43293	DAPK3
P78356	PIP4K2B
Q96RR4	CAMKK2
Q6VAB6	KSR2
P11309	PIM1
P80192	MAP3K9
P20815	CYP3A5
P21860	ERBB3
Q9H1R3	MYLK2
Q8IYT8	ULK2
P28335	HTR2C
Q9UEW8	STK39
Q16620	NTRK2
Q92772	CDKL2
Q9HC98	NEK6
P78362	SRPK2
O00418	EEF2K
P23219	PTGS1
P24557	TBXAS1
P08913	ADRA2A
P11229	CHRM1
P24462	CYP3A7
P08922	ROS1
Q13555	CAMK2G
P27815	PDE4A
Q02779	MAP3K10
Q06418	TYRO3
P14616	INSRR
Q9Y6R4	MAP3K4
O75460	ERN1
Q9P1W9	PIM2
P24864	CCNE1
P48065	SLC6A12
O95747	OXSR1
Q56UN5	MAP3K19
Q86V86	PIM3
P11274	BCR
O60285	NUAK1
Q9C098	DCLK3
Q9UM73	ALK
P11509	CYP2A6
O60331	PIP5K1C
P42336	PIK3CA
Q9UQQ2	SH2B3
Q96PF2	TSSK2
O43781	DYRK3
Q13315	ATM
Q86UX6	STK32C
P30530	AXL
O95382	MAP3K6
Q92630	DYRK2
Q96RG2	PASK
P21728	DRD1
P57059	SIK1
Q96SB4	SRPK1
Q96Q15	SMG1
Q9H093	NUAK2
Q16816	PHKG1
P18825	ADRA2C
Q86Z02	HIPK1
P35916	FLT4
Q8WU08	STK32A
Q02763	TEK
P04629	NTRK1
P30281	CCND3
Q8IVW4	CDKL3
P42338	PIK3CB
P24385	CCND1
Q9NY57	STK32B
P35590	TIE1
Q8TDR2	STK35
Q9Y2H1	STK38L
Q9BYT3	STK33
Q96BR1	SGK3
Q96S44	TP53RK
O00750	PIK3C2B
O43193	MLNR
Q9NS87	KIF15
Q9BXA7	TSSK1B
P06401	PGR
O60563	CCNT1
Q9BXA6	TSSK6
Q8NEV1	CSNK2A3
Q13237	PRKG2
Q9H2X6	HIPK2
Q15208	STK38
P41595	HTR2B
P22612	PRKACG
Q13976	PRKG1
Q9BUB5	MKNK1
P29274	ADORA2A
Q9UPE1	SRPK3
O96017	CHEK2
P0C1S8	WEE2
Q6P2M8	PNCK
P68400	CSNK2A1
Q9H422	HIPK3
Q99755	PIP5K1A
Q58F21	BRDT
P30531	SLC6A1
P51956	NEK3
P51957	NEK4
P21554	CNR1
Q99558	MAP3K14
P24903	CYP2F1
Q9H773	DCTPP1
Q14432	PDE3A
O14730	RIOK3
Q9HBH9	MKNK2
O15357	INPPL1
P08172	CHRM2
P42356	PI4KA
O15054	KDM6B
Q9UIK4	DAPK2
Q9NSD5	SLC6A13
Q52WX2	SBK1
Q9UBF8	PI4KB
Q8IWQ3	BRSK2
P04798	CYP1A1
P29376	LTK
Q9NRH2	SNRK
Q8NEV4	MYO3A
P48736	PIK3CG
Q14012	CAMK1
Q13523	PRP4K
P15692	VEGFA
Q07973	CYP24A1
Q86TW2	ADCK1
O95342	ABCB11
P20813	CYP2B6
P30542	ADORA1
O60841	EIF5B
O94768	STK17B
Q8NG66	NEK11
P78527	PRKDC
Q99808	SLC29A1
Q08493	PDE4C
Q96PN8	TSSK3
Q9UGJ0	PRKAG2
O75909	CCNK
Q8TCG2	PI4K2B
Q9NR20	DYRK4
P48066	SLC6A11
Q6ZN16	MAP3K15
P25021	HRH2
Q709F0	ACAD11
Q8NE63	HIPK4
O15075	DCLK1
Q9H792	PEAK1
Q99986	VRK1
P07550	ADRB2
Q9Y5N1	HRH3
Q92847	GHSR
P57058	HUNK
P22694	PRKACB
O75956	CDK2AP2
Q8N568	DCLK2
Q6XUX3	DSTYK
P08183	ABCB1
P08908	HTR1A
Q8WXR4	MYO3B
Q86YV6	MYLK4
P14416	DRD2
P09038	FGF2
Q09013	DMPK
P15559	NQO1
Q8IY84	NIM1K
Q9NRP7	STK36
Q9NWH9	SLTM
Q16696	CYP2A13
Q9UBN7	HDAC6
Q8NFD2	ANKK1
Q9H252	KCNH6
P18089	ADRA2B
Q8IU85	CAMK1D
Q9UEE5	STK17A
P13500	CCL2
Q9UGI9	PRKAG3
P57078	RIPK4
Q9Y2I1	NISCH
P35367	HRH1
P53355	DAPK1
Q07343	PDE4B
P08588	ADRB1
O00571	DDX3X
P43681	CHRNA4
P08686	CYP21A2
P21731	TBXA2R
P05093	CYP17A1
P02545	LMNA
Q9UQF2	MAPK8IP1
Q99835	SMO
Q9NUW8	TDP1
O75747	PIK3C2G
P21439	ABCB4
P31689	DNAJA1
Q15835	GRK1
Q9UQ88	CDK11A
Q96NX5	CAMK1G
Q05823	RNASEL
Q5S007	LRRK2
O00459	PIK3R2
P67870	CSNK2B
P14635	CCNB1
P27986	PIK3R1
P21127	CDK11B
Q9NS40	KCNH7
P10515	DLAT
P35462	DRD3
Q02846	GUCY2D
P48067	SLC6A9
O75469	NR1I2
Q9P0J0	NDUFA13
Q9Y6K9	IKBKG
Q9Y6A2	CYP46A1
Q86Y07	VRK2
Q8WTQ7	GRK7
Q08050	FOXM1
P34947	GRK5
P80075	CCL8
Q13370	PDE3B
P21397	MAOA
Q15067	ACOX1
Q15046	KARS1
O75496	GMNN
Q13639	HTR4
Q01196	RUNX1
P08240	SRPRA
P80098	CCL7
Q92835	INPP5D
Q9UBT6	POLK
Q9BVC4	MLST8
P12314	FCGR1A
Q07820	MCL1
P49589	CARS1
O95347	SMC2
P11216	PYGB
Q02224	CENPE
P29275	ADORA2B
O15439	ABCC4
Q16873	LTC4S
P21917	DRD4
P10586	PTPRF
Q9UNQ0	ABCG2
Q96QE3	ATAD5
Q8N4C6	NIN
Q9BRS2	RIOK1
Q86W10	CYP4Z1
Q9NQS7	INCENP
Q2M3G0	ABCB5
Q9H2J7	SLC6A15
Q9BPZ7	MAPKAP1
Q92990	GLMN
P03372	ESR1
P17931	LGALS3
P13861	PRKAR2A
P48039	MTNR1A
O00264	PGRMC1
P11217	PYGM
P0C264	SBK3
P78329	CYP4F2
P21918	DRD5
Q8NFU5	IPMK
Q96KQ7	EHMT2
P35372	OPRM1
P08670	VIM
P15538	CYP11B1
Q8N163	CCAR2
P19099	CYP11B2
P30086	PEBP1
P61925	PKIA
Q9ULK4	MED23
Q01538	MYT1
P32238	CCKAR
Q16678	CYP1B1
Q13332	PTPRS
Q8N884	CGAS
P43250	GRK6
P41143	OPRD1
Q15393	SF3B3
P06737	PYGL
Q9BVS4	RIOK2
P05108	CYP11A1
P61978	HNRNPK
P21452	TACR2
Q96RJ0	TAAR1
Q9UL51	HCN2
Q03405	PLAUR
P25929	NPY1R
P41145	OPRK1
P25103	TACR1
Q92830	KAT2A
Q00613	HSF1
P61026	RAB10
Q6N021	TET2
Q9Y3Q4	HCN4
P32298	GRK4
P08912	CHRM5
Q92793	CREBBP
P32239	CCKBR
Q9H665	IGFLR1
P46019	PHKA2
P49765	VEGFB
P49286	MTNR1B
P27338	MAOB
O95153	TSPOAP1
Q9UBU7	DBF4
Q9Y233	PDE10A
P08173	CHRM4
Q13148	TARDBP
Q9HAB3	SLC52A2
P08151	GLI1
Q6JQN1	ACAD10
P20309	CHRM3
Q99456	KRT12
P30411	BDKRB2
P49146	NPY2R
Q02880	TOP2B
O76083	PDE9A
Q9H9B1	EHMT1
P48506	GCLC
P19320	VCAM1
P11388	TOP2A
O14684	PTGES
P16473	TSHR
Q8NFT8	DNER
P04637	TP53
O60313	OPA1
Q96EB6	SIRT1
P07202	TPO
O00408	PDE2A
Q99728	BARD1
Q15059	BRD3
Q99714	HSD17B10
P43115	PTGER3
P34897	SHMT2
Q16881	TXNRD1
P16066	NPR1
P19878	NCF2
P30519	HMOX2
P09601	HMOX1
P20848	SERPINA2
P05230	FGF1
P37288	AVPR1A
Q14683	SMC1A
Q99504	EYA3
P35869	AHR
A4D1B5	GSAP
O94811	TPPP
P25440	BRD2
P47871	GCGR
P30939	HTR1F
P42224	STAT1
O95271	TNKS
Q09472	EP300
P24530	EDNRB
O95259	KCNH1
O00764	PDXK
P43351	RAD52
P04150	NR3C1
O14939	PLD2
P25101	EDNRA
P41252	IARS1
Q9UHH9	IP6K2
P18074	ERCC2
Q96FL8	SLC47A1
P61073	CXCR4
O43151	TET3
Q14974	KPNB1
P10070	GLI2
Q9Y265	RUVBL1
O15528	CYP27B1
Q9H2K2	TNKS2
Q03393	PTS
Q12888	TP53BP1
P42226	STAT6
O14924	RGS12
P30556	AGTR1
P54803	GALC
Q9UBM7	DHCR7
Q04637	EIF4G1
Q8NBN7	RDH13
Q6PL18	ATAD2
O14841	OPLAH
P28221	HTR1D
P46098	HTR3A
P51159	RAB27A
Q9Y5K8	ATP6V1D
Q9NPI1	BRD7
O76074	PDE5A
O15296	ALOX15B
P68871	HBB
O14936	CASK
P09651	HNRNPA1
P55263	ADK
P84022	SMAD3
P43220	GLP1R
P01130	LDLR
Q9GZQ8	MAP1LC3B
B1AH88	TSPO
P41212	ETV6
P41597	CCR2
P11532	DMD
O60658	PDE8A
P28222	HTR1B
Q9GZP0	PDGFD
O75900	MMP23B
P54710	FXYD2
Q9UNU6	CYP8B1
Q9H492	MAP1LC3A
P33527	ABCC1
Q14839	CHD4
Q8NFU7	TET1
Q9Y230	RUVBL2
Q14978	NOLC1
P25025	CXCR2
P34981	TRHR
O14727	APAF1
P13726	F3
Q9H4B7	TUBB1
P10145	CXCL8
Q9UQL6	HDAC5
Q9H3N8	HRH4
Q14896	MYBPC3
Q9P1Z3	HCN3
P25024	CXCR1
Q9GZQ4	NMUR2
Q9NSD9	FARSB
O14980	XPO1
P55072	VCP
P61981	YWHAG
P20674	COX5A
O15067	PFAS
P11511	CYP19A1
P34969	HTR7
O95622	ADCY5
Q8WUI4	HDAC7
Q15761	NPY5R
O14746	TERT
Q92831	KAT2B
P31327	CPS1
Q13946	PDE7A
P13945	ADRB3
O15254	ACOX3
P51681	CCR5
P80370	DLK1
P10606	COX5B
Q9P2E9	RRBP1
Q9NQS5	GPR84
P20340	RAB6A
Q8N5K1	CISD2
P31350	RRM2
Q04917	YWHAH
Q9UNA4	POLI
Q13547	HDAC1
P83916	CBX1
Q03164	KMT2A
Q12797	ASPH
Q5JPH6	EARS2
O95263	PDE8B
P34913	EPHX2
Q15843	NEDD8
P51692	STAT5B
Q9H0H5	RACGAP1
P50406	HTR6
P27695	APEX1
O43169	CYB5B
O60341	KDM1A
Q9NPD5	SLCO1B3
Q92769	HDAC2
P0DP23	CALM1
P54132	BLM
O43915	VEGFD
Q53GL7	PARP10
Q86VL8	SLC47A2
P22888	LHCGR
P43686	PSMC4
O60741	HCN1
Q9Y487	ATP6V0A2
Q96G23	CERS2
Q16850	CYP51A1
P07437	TUBB
P27482	CALML3
P17980	PSMC3
P07327	ADH1A
Q13393	PLD1
P50391	NPY4R
P62258	YWHAE
P41968	MC3R
P29371	TACR3
O94953	KDM4B
P47989	XDH
P01137	TGFB1
P01215	CGA
O75751	SLC22A3
P12236	SLC25A6
Q9NR19	ACSS2
P29973	CNGA1
P21283	ATP6V1C1
Q9BZE4	GTPBP4
P00325	ADH1B
P47898	HTR5A
Q9UKV0	HDAC9
Q16280	CNGA2
P22079	LPO
P28566	HTR1E
Q8NEY4	ATP6V1C2
Q92731	ESR2
P35368	ADRA1B
P51686	CCR9
P40763	STAT3
P68371	TUBB4B
Q8N8N7	PTGR2
P37840	SNCA
Q13574	DGKZ
Q96L73	NSD1
P08185	SERPINA6
P26196	DDX6
O15438	ABCC3
O15440	ABCC5
Q92887	ABCC2
Q6PHW0	IYD
Q9Y6L6	SLCO1B1
Q5T601	ADGRF1
Q06278	AOX1
P51679	CCR4
P49767	VEGFC
P49748	ACADVL
P25100	ADRA1D
P02585	TNNC2
Q9P0U3	SENP1
Q04206	RELA
P61024	CKS1B
Q99720	SIGMAR1
P48546	GIPR
P00918	CA2
Q9H237	PORCN
O75912	DGKI
P10275	AR
P21399	ACO1
O75164	KDM4A
P30559	OXTR
O15164	TRIM24
Q05932	FPGS
P51828	ADCY7
Q99623	PHB2
Q99816	TSG101
P54652	HSPA2
O60760	HPGDS
P18054	ALOX12
Q16647	PTGIS
Q9ULD4	BRPF3
P32248	CCR7
Q8TF61	FBXO41
P04155	TFF1
Q92633	LPAR1
P42229	STAT5A
P08729	KRT7
P10600	TGFB3
P51685	CCR8
P09884	POLA1
P12235	SLC25A4
Q9Y6I3	EPN1
O75604	USP2
P49407	ARRB1
O15550	KDM6A
P29972	AQP1
Q9HBG4	ATP6V0A4
P31391	SSTR4
P40145	ADCY8
Q16665	HIF1A
P63000	RAC1
P16662	UGT2B7
Q99519	NEU1
P60953	CDC42
Q9UIF8	BAZ2B
P33991	MCM4
Q9H3R0	KDM4C
P43088	PTGFR
Q12772	SREBF2
Q8IV61	RASGRP3
P51843	NR0B1
P12644	BMP4
P08263	GSTA1
Q8IVH4	MMAA
O00167	EYA2
P49116	NR2C2
P30872	SSTR1
P30989	NTSR1
Q15717	ELAVL1
Q5HYI8	RABL3
Q16637	SMN1
Q16637	SMN2
O15245	SLC22A1
Q99700	ATXN2
P27544	CERS1
P51511	MMP15
Q9H0A0	NAT10
Q7Z5B4	RIC3
Q03431	PTH1R
Q07108	CD69
P09210	GSTA2
P19838	NFKB1
O15244	SLC22A2
Q99572	P2RX7
P32246	CCR1
P25705	ATP5F1A
Q6ZQN7	SLCO4C1
P31946	YWHAB
P34972	CNR2
Q15238	PSG5
P04040	CAT
P47901	AVPR1B
Q14994	NR1I3
Q92482	AQP3
P09917	ALOX5
P01116	KRAS
Q93050	ATP6V0A1
Q9NTG7	SIRT3
Q8NFI3	ENGASE
Q15750	TAB1
Q99972	MYOC
Q12931	TRAP1
Q13258	PTGDR
Q13488	TCIRG1
Q9UBS5	GABBR1
Q9NXA8	SIRT5
P63104	YWHAZ
P49238	CX3CR1
Q86XF0	DHFR2
P51788	CLCN2
Q9UDY8	MALT1
Q4G0J3	LARP7
P22059	OSBP
Q92934	BAD
Q99707	MTR
P14859	POU2F1
O76054	SEC14L2
O00401	WASL
Q8NFA2	NOXO1
Q2M385	MPEG1
P05164	MPO
P48061	CXCL12
P11766	ADH5
P46721	SLCO1A2
Q8NEC5	CATSPER1
P61158	ACTR3
Q9NSE4	IARS2
P19429	TNNI3
P62942	FKBP1A
Q13885	TUBB2A
Q86YN6	PPARGC1B
P49619	DGKG
Q9UIG8	SLCO3A1
P18846	ATF1
Q13956	PDE6H
P05141	SLC25A5
Q8IXJ6	SIRT2
P16050	ALOX15
Q07889	SOS1
P30043	BLVRB
P52597	HNRNPF
P24310	COX7A1
Q05469	LIPE
O00512	BCL9
P38435	GGCX
P13569	CFTR
P16499	PDE6A
Q9NYB5	SLCO1C1
Q8WTS6	SETD7
Q92499	DDX1
Q8TDV5	GPR119
P35913	PDE6B
P50052	AGTR2
P30518	AVPR2
P20839	IMPDH1
Q15822	CHRNA2
P12268	IMPDH2
P20292	ALOX5AP
P00352	ALDH1A1
O95298	NDUFC2
Q9NR28	DIABLO
P40238	MPL
P18545	PDE6G
Q9NP56	PDE7B
P56524	HDAC4
Q9HCR9	PDE11A
P00326	ADH1C
P33151	CDH5
Q7LG56	RRM2B
O75907	DGAT1
O94788	ALDH1A2
Q14123	PDE1C
Q14534	SQLE
Q9NYX4	CALY
O60656	UGT1A9
P09429	HMGB1
P17302	GJA1
Q8IXQ6	PARP9
Q9BZ95	NSD3
Q96GW9	MARS2
P17787	CHRNB2
P11142	HSPA8
Q8N6T7	SIRT6
Q6NUS8	UGT3A1
O60755	GALR3
P30532	CHRNA5
Q9HAW7	UGT1A7
Q9NSA0	SLC22A11
O95563	MPC2
Q9H244	P2RY12
P00915	CA1
Q8N6T3	ARFGAP1
Q9NR82	KCNQ5
O95696	BRD1
P06576	ATP5F1B
O60503	ADCY9
Q7Z406	MYH14
Q9HBW0	LPAR2
Q9HBX9	RXFP1
P07814	EPRS1
P78536	ADAM17
Q8N3A8	PARP8
P08047	SP1
P27707	DCK
P11678	EPX
P32245	MC4R
P0DMV8	HSPA1A
P50747	HLCS
Q16864	ATP6V1F
P28845	HSD11B1
P11021	HSPA5
Q9UDX3	SEC14L4
P54687	BCAT1
P61812	TGFB2
P34995	PTGER1
P04899	GNAI2
P41146	OPRL1
P68366	TUBA4A
Q96RU2	USP28
Q9NRC8	SIRT7
Q9UIF9	BAZ2A
O43306	ADCY6
Q96RQ3	MCCC1
O60678	PRMT3
Q01064	PDE1B
Q7RTT9	SLC29A4
Q99598	TSNAX
P30874	SSTR2
Q96PN6	ADCY10
Q9NPD8	UBE2T
Q8TB61	SLC35B2
P21453	S1PR1
Q15125	EBP
P61160	ACTR2
P27348	YWHAQ
P11474	ESRRA
P09467	FBP1
Q13509	TUBB3
Q6W5P4	NPSR1
Q96Q83	ALKBH3
Q9UJU2	LEF1
P56373	P2RX3
P04035	HMGCR
Q14181	POLA2
Q9HAW9	UGT1A8
P05362	ICAM1
P35503	UGT1A3
Q6V1X1	DPP8
P23743	DGKA
Q14003	KCNC3
Q01453	PMP22
P10176	COX8A
O43526	KCNQ2
P17812	CTPS1
P35346	SSTR5
P26358	DNMT1
O60706	ABCC9
P08238	HSP90AB1
Q9HCN6	GP6
P30968	GNRHR
Q16720	ATP2B3
Q9Y6T7	DGKB
P45954	ACADSB
Q07864	POLE
Q5XXA6	ANO1
P13866	SLC5A1
Q9NRA0	SPHK2
Q8NET8	TRPV3
P18858	LIG1
P49682	CXCR3
P32418	SLC8A1
P11387	TOP1
Q9Y2W1	THRAP3
Q9UKK3	PARP4
Q06609	RAD51
P29475	NOS1
P01111	NRAS
P24468	NR2F2
P30926	CHRNB4
Q99571	P2RX4
O94956	SLCO2B1
P07900	HSP90AA1
P61956	SUMO2
Q92959	SLCO2A1
Q99418	CYTH2
P51160	PDE6C
Q01201	RELB
Q969F8	KISS1R
Q7L0J3	SV2A
P48551	IFNAR2
P62826	RAN
Q02790	FKBP4
P47895	ALDH1A3
Q14573	ITPR3
Q9Y2R2	PTPN22
P15428	HPGD
O43399	TPD52L2
Q5BJF2	TMEM97
P41250	GARS1
P09874	PARP1
P52209	PGD
Q08828	ADCY1
P05067	APP
P49354	FNTA
Q71U36	TUBA1A
P02144	MB
P15153	RAC2
P32249	GPR183
Q3T906	GNPTAB
Q9UGN5	PARP2
P09488	GSTM1
P55055	NR1H2
P35414	APLNR
Q9NR33	POLE4
Q9UKM7	MAN1B1
P32297	CHRNA3
Q9Y478	PRKAB1
P35218	CA5A
P08575	PTPRC
P14920	DAO
Q14576	ELAVL3
Q04864	REL
O95644	NFATC1
Q99523	SORT1
P17676	CEBPB
P54750	PDE1A
P23297	S100A1
Q02817	MUC2
P17861	XBP1
O43172	PRPF4
Q2NL67	PARP6
O95264	HTR3B
P28329	CHAT
P09086	POU2F2
Q96KS0	EGLN2
O43741	PRKAB2
Q8IYD1	GSPT2
P48775	TDO2
Q9NYA1	SPHK1
Q96NT5	SLC46A1
P08134	RHOC
P14902	IDO1
P99999	CYCS
P00374	DHFR
Q96T88	UHRF1
P49798	RGS4
Q9Y271	CYSLTR1
P84077	ARF1
Q9UP95	SLC12A4
P28300	LOX
P32745	SSTR3
Q14940	SLC9A5
P48443	RXRG
P22310	UGT1A4
Q5JUK3	KCNT1
P51800	CLCNKA
P62993	GRB2
P22234	PAICS
Q99549	MPHOSPH8
P50135	HNMT
Q9Y251	HPSE
O15379	HDAC3
P40225	THPO
Q460N5	PARP14
Q16613	AANAT
P36776	LONP1
O75030	MITF
P07741	APRT
Q15633	TARBP2
P21673	SAT1
Q00653	NFKB2
P09960	LTA4H
O43924	PDE6D
Q03013	GSTM4
P04350	TUBB4A
Q96BD0	SLCO4A1
P11137	MAP2
Q16654	PDK4
P52732	KIF11
P11308	ERG
O95954	FTCD
Q96NR8	RDH12
Q15080	NCF4
Q96P20	NLRP3
Q9NZD2	GLTP
Q13123	IK
Q9Y618	NCOR2
Q92736	RYR2
P14625	HSP90B1
P29460	IL12B
P05091	ALDH2
Q8IU80	TMPRSS6
Q9Y466	NR2E1
O43525	KCNQ3
Q9BXF3	CECR2
P19174	PLCG1
Q9H2X9	SLC12A5
Q14571	ITPR2
P14679	TYR
O75376	NCOR1
Q16236	NFE2L2
P15144	ANPEP
Q9UI12	ATP6V1H
O94760	DDAH1
P43487	RANBP1
P13497	BMP1
P46439	GSTM5
Q9UBL9	P2RX2
P26599	PTBP1
O14521	SDHD
P11473	VDR
P16860	NPPB
Q14457	BECN1
P37231	PPARG
Q8IUX4	APOBEC3F
P06734	FCER2
O75530	EED
Q9HC62	SENP2
O60502	OGA
P25089	FPR3
Q9H8P0	SRD5A3
P22760	AADAC
P51648	ALDH3A2
O60266	ADCY3
P51161	FABP6
Q16790	CA9
P0DPH7	TUBA3C
O43614	HCRTR2
P51659	HSD17B4
Q9NZ08	ERAP1
Q8NFM4	ADCY4
O60779	SLC19A2
P21266	GSTM3
P16220	CREB1
P68363	TUBA1B
P01112	HRAS
P00480	OTC
Q13526	PIN1
Q8N371	KDM8
P28161	GSTM2
P14410	SI
Q9UBY5	LPAR3
P46663	BDKRB1
P39748	FEN1
P21695	GPD1
Q8WXA8	HTR3C
O95398	RAPGEF3
P18405	SRD5A1
Q9NR63	CYP26B1
P50281	MMP14
P48145	NPBWR1
Q12882	DPYD
P50440	GATM
Q05193	DNM1
P19224	UGT1A6
P07101	TH
Q6B0I6	KDM4D
P30085	CMPK1
P54577	YARS1
P55789	GFER
P22303	ACHE
P56282	POLE2
P48637	GSS
Q8N5Y8	PARP16
P06733	ENO1
P16455	MGMT
P22792	CPN2
Q9GZV3	SLC5A7
Q9Y5Y6	ST14
O00481	BTN3A1
Q9HC16	APOBEC3G
Q9NY65	TUBA8
Q8NER1	TRPV1
Q12830	BPTF
P56385	ATP5ME
P14415	ATP1B2
Q969S8	HDAC10
Q9UKQ2	ADAM28
P51172	SCNN1D
P18848	ATF4
O43613	HCRTR1
P35398	RORA
Q15119	PDK2
Q8NHM5	KDM2B
Q9NS75	CYSLTR2
Q6TGC4	PADI6
Q15910	EZH2
O43570	CA12
Q16581	C3AR1
P07602	PSAP
P29508	SERPINB3
O00429	DNM1L
Q9BQE3	TUBA1C
P23921	RRM1
P38606	ATP6V1A
P53396	ACLY
P56381	ATP5F1E
Q9NTK5	OLA1
P00390	GSR
O75874	IDH1
Q86U44	METTL3
Q9Y2D1	ATF5
P37268	FDFT1
P25815	S100P
Q02108	GUCY1A1
P35228	NOS2
Q07075	ENPEP
Q99500	S1PR3
P28702	RXRB
Q7L2E3	DHX30
Q9UKP6	UTS2R
P54709	ATP1B3
Q15825	CHRNA6
P04278	SHBG
P31639	SLC5A2
P51575	P2RX1
Q9HBH5	RDH14
P46063	RECQL
P09211	GSTP1
P17516	AKR1C4
Q9NZ45	CISD1
P20393	NR1D1
P62736	ACTA2
P07451	CA3
Q16602	CALCRL
Q8WZA2	RAPGEF4
O95665	NTSR2
P63165	SUMO1
P25090	FPR2
Q9Y468	L3MBTL1
Q14191	WRN
Q16548	BCL2A1
Q9BY08	EBPL
P08174	CD55
P23945	FSHR
Q9NYR8	RDH8
P02708	CHRNA1
P55201	BRPF1
P61586	RHOA
P38398	BRCA1
P49895	DIO1
Q96RI1	NR1H4
O00763	ACACB
Q9UJT0	TUBE1
Q9ULZ9	MMP17
P16885	PLCG2
P34998	CRHR1
Q08462	ADCY2
Q14914	PTGR1
Q14643	ITPR1
P20020	ATP2B1
P30838	ALDH3A1
P98194	ATP2C1
Q00987	MDM2
P35580	MYH10
P04062	GBA1
Q92598	HSPH1
P08235	NR3C2
Q86T13	CLEC14A
Q9NWT8	AURKAIP1
Q8TET4	GANC
Q9GZZ6	CHRNA10
P21462	FPR1
Q86TI2	DPP9
O60671	RAD1
Q09428	ABCC8
P05231	IL6
O94759	TRPM2
P35610	SOAT1
P15954	COX7C
O75884	RBBP9
Q01543	FLI1
Q70Z44	HTR3D
P23258	TUBG1
P51580	TPMT
P67936	TPM4
P60842	EIF4A1
P05165	PCCA
P29474	NOS3
P33402	GUCY1A2
Q05901	CHRNB3
Q6V0L0	CYP26C1
Q9Y6K1	DNMT3A
O43174	CYP26A1
Q13133	NR1H3
P43166	CA7
Q7Z2K8	GPRIN1
Q96SW2	CRBN
P61088	UBE2N
Q969G6	RFK
P25105	PTAFR
Q16558	KCNMB1
P42574	CASP3
O75643	SNRNP200
P51164	ATP4B
P47900	P2RY1
Q13510	ASAH1
Q9BYF1	ACE2
Q99798	ACO2
P48050	KCNJ4
Q92696	RABGGTA
Q9Y5X4	NR2E3
P04818	TYMS
Q04844	CHRNE
Q9H8M2	BRD9
P29459	IL12A
P10415	BCL2
P16109	SELP
Q6NVY1	HIBCH
P50570	DNM2
Q96LA8	PRMT6
Q9HC97	GPR35
P22033	MMUT
P35219	CA8
P23634	ATP2B4
O95136	S1PR2
Q9UGH3	SLC23A2
Q9GZU7	CTDSP1
P11166	SLC2A1
P78417	GSTO1
P43119	PTGIR
Q9Y4P1	ATG4B
P61604	HSPE1
O95461	LARGE1
P68106	FKBP1B
Q02153	GUCY1B1
Q9NS85	CA10
P13639	EEF2
P09493	TPM1
P16581	SELE
Q7Z2Z2	EFL1
Q9Y4K0	LOXL2
Q8N1Q1	CA13
P29074	PTPN4
Q6IQ20	NAPEPLD
Q96LB4	ATP6V1G3
Q93084	ATP2A3
O95069	KCNK2
Q9Y587	AP4S1
Q6P6C2	ALKBH5
O75185	ATP2C2
P21675	TAF1
Q5NUL3	FFAR4
O96028	NSD2
Q9P2R7	SUCLA2
Q9UGL1	KDM5B
P51553	IDH3G
Q16348	SLC15A2
Q9HCC0	MCCC2
Q07812	BAX
Q99705	MCHR1
Q15109	AGER
P21817	RYR1
P49585	PCYT1A
Q9UKT9	IKZF3
Q13563	PKD2
Q9ULC5	ACSL5
Q9Y4D2	DAGLA
Q92800	EZH1
Q9H255	OR51E2
O75762	TRPA1
P24311	COX7B
Q12791	KCNMA1
Q99814	EPAS1
Q9NPC1	LTB4R2
O95718	ESRRB
P00491	PNP
Q00975	CACNA1B
P06753	TPM3
Q02127	DHODH
O94782	USP1
P35520	CBS
P35408	PTGER4
P61421	ATP6V0D1
Q9BY41	HDAC8
P14780	MMP9
Q13451	FKBP5
P12821	ACE
P78559	MAP1A
P51512	MMP16
P06730	EIF4E
P51787	KCNQ1
Q6NS38	ALKBH2
Q8N0U8	VKORC1L1
Q9Y5R2	MMP24
P22001	KCNA3
P55011	SLC12A2
Q00722	PLCB2
Q13324	CRHR2
Q93008	USP9X
P42330	AKR1C3
Q8NF37	LPCAT1
Q14973	SLC10A1
O00206	TLR4
P05166	PCCB
P52895	AKR1C2
P06858	LPL
P07305	H1-0
Q9UKX2	MYH2
P21730	C5AR1
P04183	TK1
P60709	ACTB
Q8TEK3	DOT1L
P06702	S100A9
P01031	C5
Q15120	PDK3
Q9BYV1	AGXT2
P24928	POLR2A
P33032	MC5R
P49768	PSEN1
Q9HBA0	TRPV4
Q9Y2I7	PIKFYVE
P19971	TYMP
Q13285	NR5A1
O43708	GSTZ1
P42892	ECE1
O43451	MGAM
O75173	ADAMTS4
Q04828	AKR1C1
P50579	METAP2
Q15155	NOMO1
O14744	PRMT5
P01303	NPY
P22460	KCNA5
Q03181	PPARD
Q969P6	TOP1MT
P14061	HSD17B1
Q8TC12	RDH11
Q9UBE0	SAE1
Q9Y266	NUDC
P14550	AKR1A1
P22309	UGT1A1
Q9Y2T1	AXIN2
P01138	NGF
O00555	CACNA1A
P13631	RARG
P14598	NCF1
Q9H169	STMN4
O15393	TMPRSS2
P38936	CDKN1A
Q92945	KHSRP
Q9Y5Y4	PTGDR2
P59535	TAS2R40
P16152	CBR1
P54707	ATP12A
Q6SZW1	SARM1
Q9Y6F1	PARP3
P80404	ABAT
O60603	TLR2
P03886	MT-ND1
P42785	PRCP
Q92952	KCNN1
P31213	SRD5A2
P49802	RGS7
P80511	S100A12
Q9Y263	PLAA
Q00G26	PLIN5
P20711	DDC
P41231	P2RY2
O60488	ACSL4
P07099	EPHX1
P10828	THRB
P15151	PVR
Q05940	SLC18A2
Q07869	PPARA
Q9Y4R7	TTLL3
P22748	CA4
Q8IZX4	TAF1L
P10109	FDX1
Q13621	SLC12A1
Q14500	KCNJ12
Q15878	CACNA1E
Q9UPY5	SLC7A11
Q96DB2	HDAC11
Q9Y698	CACNG2
P56696	KCNQ4
Q12874	SF3A3
O75348	ATP6V1G1
P09417	QDPR
P23280	CA6
Q16621	NFE2
P23526	AHCY
Q969G3	SMARCE1
Q9UL62	TRPC5
P39086	GRIK1
Q8N8Y2	ATP6V0D2
Q8NCG7	DAGLB
P00492	HPRT1
Q96SD1	DCLRE1C
P30711	GSTT1
P41440	SLC19A1
O95865	DDAH2
Q13304	GPR17
O94907	DKK1
P15502	ELN
P24666	ACP1
Q9ULX7	CA14
Q9H3S4	TPK1
Q9Y2J8	PADI2
P51570	GALK1
P51878	CASP5
Q9NZ42	PSENEN
Q9UNA0	ADAMTS5
P43354	NR4A2
Q92953	KCNB2
O75475	PSIP1
Q86V24	ADIPOR2
P17658	KCNA6
P35222	CTNNB1
O00748	CES2
Q4FZB7	KMT5B
P03956	MMP1
P57764	GSDMD
P25963	NFKBIA
P35579	MYH9
P36639	NUDT1
Q15842	KCNJ8
O95544	NADK
O95670	ATP6V1G2
Q9BX84	TRPM6
P19793	RXRA
Q6PIU2	NCEH1
Q8IWU9	TPH2
Q9ULW8	PADI3
Q15788	NCOA1
Q9NZQ7	CD274
P49411	TUFM
Q96NZ9	PRAP1
P19801	AOC1
P42765	ACAA2
Q16572	SLC18A3
Q9NSA2	KCND1
P02768	ALB
Q10471	GALNT2
Q9NRE1	MMP26
Q8IYM2	SLFN12
P00736	C1R
Q04756	HGFAC
P23284	PPIB
Q08289	CACNB2
O95749	GGPS1
P20648	ATP4A
Q9Y694	SLC22A7
P08254	MMP3
P29375	KDM5A
Q02221	COX6A2
P03952	KLKB1
P55287	CDH11
Q02218	OGDH
Q08257	CRYZ
Q13003	GRIK3
P04746	AMY2A
Q99527	GPER1
Q2TB90	HKDC1
Q99829	CPNE1
O95864	FADS2
P0CG30	GSTT2B
Q9Y5K3	PCYT1B
P08473	MME
P32927	CSF2RB
Q6ZQW0	IDO2
O00625	PIR
Q14654	KCNJ11
Q8IWT1	SCN4B
P07858	CTSB
Q13085	ACACA
Q8TDX5	ACMSD
Q9BTZ2	DHRS4
O60359	CACNG3
P21281	ATP6V1B2
O95477	ABCA1
Q2M2H8	MGAM2
Q92570	NR4A3
Q9NYW1	TAS2R9
O15382	BCAT2
P26447	S100A4
Q01813	PFKP
P51857	AKR1D1
Q14330	GPR18
P02766	TTR
Q14232	EIF2B1
Q9Y570	PPME1
P35625	TIMP3
Q15391	P2RY14
O95551	TDP2
P55786	NPEPPS
Q07817	BCL2L1
Q8WXS5	CACNG8
P01584	IL1B
P14618	PKM
P41229	KDM5C
Q13002	GRIK2
Q13733	ATP1A4
A5X5Y0	HTR3E
P50213	IDH3A
Q08209	PPP3CA
Q9NR21	PARP11
O60733	PLA2G6
P34932	HSPA4
Q9UGM6	WARS2
Q9Y6Q9	NCOA3
O95237	LRAT
P00750	PLAT
P15121	AKR1B1
P49356	FNTB
P49366	DHPS
P05121	SERPINE1
Q92843	BCL2L2
O75493	CA11
P09958	FURIN
P14324	FDPS
P35557	GCK
P49810	PSEN2
P07359	GP1BA
P78508	KCNJ10
Q9HD36	BCL2L10
O15118	NPC1
P31941	APOBEC3A
P45452	MMP13
Q8TCC7	SLC22A8
Q96JM7	L3MBTL3
Q9ULC6	PADI1
O14983	ATP2A1
P06276	BCHE
P31153	MAT2A
Q12908	SLC10A2
Q9UGM1	CHRNA9
Q05209	PTPN12
Q8N159	NAGS
P02774	GC
P05556	ITGB1
Q9NR97	TLR8
O15342	ATP6V0E1
P41180	CASR
P43490	NAMPT
P48735	IDH2
P00747	PLG
P29762	CRABP1
Q86W47	KCNMB4
O75964	ATP5MG
P09669	COX6C
P41235	HNF4A
P50416	CPT1A
P55211	CASP9
O75899	GABBR2
P53805	RCAN1
O00303	EIF3F
P16233	PNLIP
P63252	KCNJ2
Q15392	DHCR24
P17174	GOT1
P22894	MMP8
P27797	CALR
P36544	CHRNA7
P01375	TNF
P37058	HSD17B3
P55210	CASP7
Q16853	AOC3
Q9UGI6	KCNN3
P13498	CYBA
P18669	PGAM1
Q9Y2K7	KDM2A
P51449	RORC
Q02641	CACNB1
Q9BQF6	SENP7
P00749	PLAU
Q06203	PPAT
Q99542	MMP19
Q9BQB6	VKORC1
O14788	TNFSF11
Q4U2R8	SLC22A6
Q8N2K0	ABHD12
Q96LD8	SENP8
O95180	CACNA1H
P05198	EIF2S1
P05413	FABP3
Q8WYN0	ATG4A
Q9HAS3	SLC28A3
O14672	ADAM10
O95870	ABHD16A
P19835	CEL
P31260	HOXA10
Q01344	IL5RA
P09238	MMP10
P37059	HSD17B2
P51151	RAB9A
P55212	CASP6
P69905	HBA1
P69905	HBA2
Q9NQR1	KMT5A
P12004	PCNA
P50453	SERPINB9
Q13255	GRM1
Q9GZT9	EGLN1
Q9NYK1	TLR7
Q9UJW3	DNMT3L
O00305	CACNB4
O75908	SOAT2
P08253	MMP2
P17405	SMPD1
P17752	TPH1
P47872	SCTR
P54578	USP14
P55017	SLC12A3
Q9NQB0	TCF7L2
Q9UJT1	TUBD1
Q9Y5S1	TRPV2
O00180	KCNK1
O60240	PLIN1
P00439	PAH
P24347	MMP11
Q96I99	SUCLG2
O43184	ADAM12
P28074	PSMB5
P54886	ALDH18A1
P59540	TAS2R46
Q14524	SCN5A
Q9H228	S1PR5
Q9NPA1	KCNMB3
P07204	THBD
P11413	G6PD
P37088	SCNN1A
O43837	IDH3B
Q9H2S1	KCNN2
O14815	CAPN9
P00748	F12
P05023	ATP1A1
P06280	GLA
P38117	ETFB
Q13075	NAIP
P10826	RARB
P24752	ACAT1
P53634	CTSC
P55157	MTTP
P55809	OXCT1
Q01970	PLCB3
Q8TCT1	PHOSPHO1
Q9C0B1	FTO
P19113	HDC
P23381	WARS1
P27449	ATP6V0C
Q12884	FAP
Q8TDU6	GPBAR1
Q9BRX8	PRXL2A
Q9BUL5	PHF23
O14649	KCNK3
O15554	KCNN4
P00740	F9
P78540	ARG2
Q15722	LTB4R
Q99437	ATP6V0B
Q99489	DDO
P05026	ATP1B1
Q04609	FOLH1
Q06710	PAX8
Q9BZM2	PLA2G2F
Q9P2N6	KANSL3
P01106	MYC
P02763	ORM1
P04839	CYBB
P19652	ORM2
P46059	SLC15A1
P50591	TNFSF10
P56817	BACE1
Q15596	NCOA2
Q460N3	PARP15
Q7L5N7	LPCAT2
Q96D31	ORAI1
Q9Y5S8	NOX1
P17735	TAT
P48995	TRPC1
P53004	BLVRA
Q6NUM9	RETSAT
Q8IWU5	SULF2
O00767	SCD
O43252	PAPSS1
P15313	ATP6V1B1
P59536	TAS2R41
Q9Y239	NOD1
O75688	PPM1B
O94925	GLS
P08519	LPA
P19235	EPOR
P24387	CRHBP
P30044	PRDX5
P53041	PPP5C
P62508	ESRRG
Q16134	ETFDH
P15880	RPS2
P36021	SLC16A2
Q15185	PTGES3
Q9P0L9	PKD2L1
O43148	RNMT
P06746	POLB
P22459	KCNA4
P31151	S100A7
P98170	XIAP
Q8WTV0	SCARB1
Q9NYW2	TAS2R8
O43463	SUV39H1
P05090	APOD
P57789	KCNK10
P62136	PPP1CA
Q02643	GHRHR
Q9H7Z7	PTGES2
P01350	GAST
P22736	NR4A1
P29466	CASP1
P39900	MMP12
P80365	HSD11B2
Q9NR56	MBNL1
P00488	F13A1
P08842	STS
P12104	FABP2
P15884	TCF4
P49662	CASP4
Q16549	PCSK7
Q6XQN6	NAPRT
Q9NR96	TLR9
Q9NWT6	HIF1AN
Q9UM07	PADI4
P17655	CAPN2
P25116	F2R
P29033	GJB2
P49770	EIF2B2
Q13422	IKZF1
O60218	AKR1B10
P29034	S100A2
P29144	TPP2
Q16099	GRIK4
Q8NFJ5	GPRC5A
O14843	FFAR3
O15056	SYNJ2
P0DUB6	AMY1A
P36956	SREBF1
P42898	MTHFR
P59538	TAS2R31
P49327	FASN
P62937	PPIA
Q9P0X4	CACNA1I
Q9UBB5	MBD2
O00482	NR5A2
O75911	DHRS3
P04054	PLA2G1B
P04271	S100B
P29218	IMPA1
P48544	KCNJ5
P49795	RGS19
P62714	PPP2CB
Q13507	TRPC3
Q8WXD0	RXFP2
Q9UBR2	CTSZ
Q9ULA0	DNPEP
Q9UNI1	CELA1
Q9Y617	PSAT1
P00734	F2
P01023	A2M
P04439	HLA-A
P08648	ITGA5
P48449	LSS
P62955	CACNG7
Q13564	NAE1
Q96PD7	DGAT2
Q9BV23	ABHD6
Q9H239	MMP28
Q9NPH2	ISYNA1
Q9NYV8	TAS2R14
Q9UHC9	NPC1L1
Q9Y257	KCNK6
P05412	JUN
P11168	SLC2A2
P15104	GLUL
P36969	GPX4
P59543	TAS2R20
P61927	RPL37
O43497	CACNA1G
O60939	SCN2B
P03905	MT-ND4
P10827	THRA
P11150	LIPC
P20618	PSMB1
P28062	PSMB8
P30304	CDC25A
P30307	CDC25C
P40306	PSMB10
P41594	GRM5
P53609	PGGT1B
P59534	TAS2R39
P59544	TAS2R50
P59551	TAS2R60
P63279	UBE2I
Q9BZX2	UCK2
Q9NYW5	TAS2R4
Q9UBC3	DNMT3B
P16112	ACAN
P19367	HK1
P20366	TAC1
P31785	IL2RG
P49642	PRIM1
P49773	HINT1
Q14376	GALE
Q16769	QPCT
Q9NQW7	XPNPEP1
O95931	CBX7
O95977	S1PR4
P05155	SERPING1
P21980	TGM2
P27487	DPP4
P36873	PPP1CC
P53611	RABGGTB
P58215	LOXL3
P67775	PPP2CA
Q08211	DHX9
Q9NYV9	TAS2R13
Q9Y5Y9	SCN10A
O15492	RGS16
P05981	HPN
P13073	COX4I1
P27169	PON1
P50993	ATP1A2
P52789	HK2
P60568	IL2
Q06520	SULT2A1
Q14721	KCNB1
Q9UGC6	RGS17
P05089	ARG1
P09936	UCHL1
P14867	GABRA1
P20645	M6PR
P30049	ATP5F1D
P31939	ATIC
P40933	IL15
P49862	KLK7
Q16552	IL17A
Q7Z2W7	TRPM8
Q9HBL8	NMRAL1
P02788	LTF
P06870	KLK1
P07237	P4HB
P30305	CDC25B
P33121	ACSL1
P47869	GABRA2
P48047	ATP5PO
P59541	TAS2R30
Q05586	GRIN1
Q06432	CACNG1
Q14832	GRM3
Q53EL6	PDCD4
Q8TBC4	UBA3
Q8TCT9	HM13
Q93096	PTP4A1
Q99259	GAD1
Q99712	KCNJ15
Q9HBY0	NOX3
Q9NPC2	KCNK9
Q9NYW3	TAS2R7
Q9UI33	SCN11A
O15305	PMM2
P07195	LDHB
P07384	CAPN1
P10253	GAA
P10599	TXN
P12955	PEPD
Q15077	P2RY6
Q6J4K2	SLC8B1
Q8WYK2	JDP2
Q96K76	USP47
Q9NPH5	NOX4
Q9UH92	MLX
Q9Y275	TNFSF13B
O15121	DEGS1
O15151	MDM4
O15374	SLC16A4
O75365	PTP4A3
P02675	FGB
P08514	ITGA2B
P13612	ITGA4
P15169	CPN1
P25788	PSMA3
P42285	MTREX
P47712	PLA2G4A
P49915	GMPS
P49961	ENTPD1
P51649	ALDH5A1
Q04760	GLO1
Q10588	BST1
Q8TDS4	HCAR2
Q99584	S100A13
Q9BU89	DOHH
Q9NXB9	ELOVL2
O14717	TRDMT1
O95399	UTS2
P00338	LDHA
P00505	GOT2
P09237	MMP7
P09871	C1S
P10276	RARA
P13637	ATP1A3
P16615	ATP2A2
P22314	UBA1
P25774	CTSS
P49019	HCAR3
P59537	TAS2R43
Q01118	SCN7A
Q12974	PTP4A2
Q13489	BIRC3
Q13936	CACNA1C
Q14790	CASP8
Q15111	PLCL1
Q6IA69	NADSYN1
Q86Y97	KMT5C
Q96BI3	APH1A
Q99928	GABRG3
Q9BQB4	SOST
Q9UBK8	MTRR
Q9Y256	RCE1
Q9Y2T6	GPR55
Q9Y4C1	KDM3A
Q9Y5X9	LIPG
O00341	SLC1A7
O00391	QSOX1
O00487	PSMD14
O60427	FADS1
O60894	RAMP1
P00813	ADA
P04179	SOD2
P07225	PROS1
P0C869	PLA2G4B
P15382	KCNE1
P18084	ITGB5
P21589	NT5E
P23415	GLRA1
P23416	GLRA2
P30613	PKLR
P31040	SDHA
P48147	PREP
P48167	GLRB
P54284	CACNB3
Q05315	CLC
Q16706	MAN2A1
Q16762	TST
Q5QJU3	ACER2
Q9NYW0	TAS2R10
Q9UHC3	ASIC3
Q9UHL4	DPP7
O00142	TK2
O43868	SLC28A2
O60882	MMP20
O75355	ENTPD3
P00441	SOD1
P00742	F10
P01148	GNRH1
P02787	TF
P02818	BGLAP
P04070	PROC
P05106	ITGB3
P10619	CTSA
P20701	ITGAL
P28072	PSMB6
P31644	GABRA5
P36542	ATP5F1C
P47870	GABRB2
P48549	KCNJ3
P49448	GLUD2
P51170	SCNN1G
P53582	METAP1
P55085	F2RL1
Q11130	FUT7
Q15661	TPSAB1
Q8TD30	GPT2
Q8WUK0	PTPMT1
Q93009	USP7
Q96PR1	KCNC2
Q96RP8	KCNA7
Q99685	MGLL
Q9H5I1	SUV39H2
Q9NYW7	TAS2R1
Q9UN88	GABRQ
O00244	ATOX1
O15552	FFAR2
O60391	GRIN3B
O75311	GLRA3
O95907	SLC16A8
P00966	ASS1
P01308	INS
P09172	DBH
P10997	IAPP
P11926	ODC1
P12724	RNASE3
P14210	HGF
P14770	GP9
P14854	COX6B1
P22102	GART
P26439	HSD3B2
P28472	GABRB3
P30990	NTS
P41222	PTGDS
P46597	ASMT
P48507	GCLM
P48547	KCNC1
P48664	SLC1A6
P49721	PSMB2
P51168	SCNN1B
P51178	PLCD1
P54219	SLC18A1
P56704	WNT3A
P59542	TAS2R19
P62913	RPL11
Q01668	CACNA1D
Q06124	PTPN11
Q13219	PAPPA
Q13443	ADAM9
Q13490	BIRC2
Q14145	KEAP1
Q7Z3E1	TIPARP
Q86U10	ASPG
Q8NHE4	ATP6V0E2
Q8TDS5	OXER1
Q96S37	SLC22A12
Q99250	SCN2A
Q99436	PSMB7
Q9HC29	NOD2
Q9NRF9	POLE3
Q9P296	C5AR2
Q9UBN1	CACNG4
Q9UDR5	AASS
Q9UP65	PLA2G4C
Q9Y337	KLK5
O00222	GRM8
O00337	SLC28A1
O00754	MAN2B1
O15392	BIRC5
O15403	SLC16A6
P00367	GLUD1
P01258	CALCA
P06756	ITGAV
P06865	HEXA
P08243	ASNS
P08700	IL3
P08758	ANXA5
P12429	ANXA3
P14060	HSD3B1
P14735	IDE
P16444	DPEP1
P17050	NAGA
P18505	GABRB1
P19022	CDH2
P28065	PSMB9
P29350	PTPN6
P32320	CDA
P32754	HPD
P34903	GABRA3
P35498	SCN1A
P35499	SCN4A
P39877	PLA2G5
P40926	MDH2
P43004	SLC1A2
P48051	KCNJ6
P49888	SULT1E1
P50225	SULT1A1
P55769	SNU13
P57771	RGS8
P61278	SST
P98066	TNFAIP6
Q09470	KCNA1
Q14697	GANAB
Q14833	GRM4
Q16515	ASIC2
Q16570	ACKR1
Q494W8	CHRFAM7A
Q7RTR8	TAS2R42
Q8N474	SFRP1
Q8NA19	L3MBTL4
Q8TD43	TRPM4
Q8WXI7	MUC16
Q96JB6	LOXL4
Q96QT4	TRPM7
Q9H6Z9	EGLN3
Q9NP59	SLC40A1
Q9NR22	PRMT8
Q9NY46	SCN3A
Q9NYV7	TAS2R16
Q9UHJ3	SFMBT1
Q9UK17	KCND3
Q9UNK4	PLA2G2D
A8K7I4	CLCA1
O00519	FAAH
O00591	GABRP
O14818	PSMA7
O15303	GRM6
O15427	SLC16A3
O43323	DHH
O60840	CACNA1F
O75897	SULT1C4
P01100	FOS
P02753	RBP4
P04083	ANXA1
P04406	GAPDH
P05113	IL5
P05187	ALPP
P07098	LIPF
P07477	PRSS1
P07478	PRSS2
P07686	HEXB
P08246	ELANE
P09525	ANXA4
P11086	PNMT
P11177	PDHB
P11498	PC
P14555	PLA2G2A
P15090	FABP4
P15336	ATF2
P17538	CTRB1
P17544	ATF7
P17936	IGFBP3
P18564	ITGB6
P21964	COMT
P24046	GABRR1
P24298	GPT
P28907	CD38
P29372	MPG
P34949	MPI
P42261	GRIA1
P43005	SLC1A1
P45974	USP5
P48048	KCNJ1
P48169	GABRA4
P51452	DUSP3
P53985	SLC16A1
P59533	TAS2R38
P60903	S100A10
P78334	GABRE
P78348	ASIC1
Q02083	NAAA
Q13423	NNT
Q13698	CACNA1S
Q14831	GRM7
Q15047	SETDB1
Q15084	PDIA6
Q15465	SHH
Q15858	SCN9A
Q15904	ATP6AP1
Q16322	KCNA10
Q16555	DPYSL2
Q6FHJ7	SFRP4
Q86TP1	PRUNE1
Q86X55	CARM1
Q8N1C3	GABRG1
Q8N5Z0	AADAT
Q8TCU5	GRIN3A
Q8TDD5	MCOLN3
Q8WW43	APH1B
Q92753	RORB
Q92781	RDH5
Q96PH1	NOX5
Q99873	PRMT1
Q9GZR1	SENP6
Q9NY72	SCN3B
Q9NYP7	ELOVL5
Q9NYW4	TAS2R5
Q9NYW6	TAS2R3
Q9NZK7	PLA2G2E
Q9NZV8	KCND2
Q9UI32	GLS2
Q9UQD0	SCN8A
Q9Y5Z0	BACE2
A0AVT1	UBA6
A8MPY1	GABRR3
O00204	SULT2B1
O14735	CDIPT
O14764	GABRD
O14842	FFAR1
O15375	SLC16A5
O15399	GRIN2D
O15496	PLA2G10
O15540	FABP7
O43175	PHGDH
O60669	SLC16A7
O60911	CTSV
O75936	BBOX1
O95050	INMT
O95352	ATG7
P00797	REN
P01189	POMC
P01579	IFNG
P05186	ALPL
P06307	CCK
P07148	FABP1
P07339	CTSD
P07355	ANXA2
P07711	CTSL
P08311	CTSG
P08559	PDHA1
P08574	CYC1
P09466	PAEP
P09668	CTSH
P09923	ALPI
P0C870	JMJD7
P0DJD9	PGA5
P10092	CALCB
P10696	ALPG
P11597	CETP
P13674	P4HA1
P14091	CTSE
P14207	FOLR2
P15328	FOLR1
P16389	KCNA2
P17301	ITGA2
P17706	PTPN2
P18031	PTPN1
P18507	GABRG2
P18847	ATF3
P18850	ATF6
P19634	SLC9A1
P23469	PTPRE
P23946	CMA1
P28562	DUSP1
P28838	LAP3
P31025	LCN1
P35236	PTPN7
P35573	AGL
P36543	ATP6V1E1
P39023	RPL3
P40261	NNMT
P40429	RPL13A
P41439	FOLR3
P42262	GRIA2
P42263	GRIA3
P43003	SLC1A3
P43235	CTSK
P45880	VDAC2
P48058	GRIA4
P54289	CACNA2D1
P54829	PTPN5
P61313	RPL15
P62750	RPL23A
P62829	RPL23
P62917	RPL8
P84098	RPL19
Q03154	ACY1
Q05329	GAD2
Q05923	DUSP2
Q05BQ5	MBTD1
Q07699	SCN1B
Q12879	GRIN2A
Q13093	PLA2G7
Q13224	GRIN2B
Q14416	GRM2
Q14623	IHH
Q14957	GRIN2C
Q15274	QPRT
Q15743	GPR68
Q16445	GABRA6
Q16478	GRIK5
Q6GMR7	FAAH2
Q6ZMT4	KDM7A
Q7Z3S7	CACNA2D4
Q8IZS8	CACNA2D3
Q8N543	OGFOD1
Q92542	NCSTN
Q96A05	ATP6V1E2
Q96CA5	BIRC7
Q96L21	RPL10L
Q99757	TXN2
Q9H0J9	PARP12
Q9NVM4	PRMT7
Q9NY47	CACNA2D2
Q9NY56	OBP2A
Q9UBX1	CTSF
Q9UF02	CACNG5
Q9UHA3	RSL24D1
Q9UNX3	RPL26L1
Q9UPP1	PHF8
Q9Y4U1	MMACHC
Q9Y5K2	KLK4
Q9Y5L3	ENTPD2
